{
  "fbFUeoVt8wEfxQdUNyB3m1dSRmP1b2D_B3nBPBtDRic=": {
    "username": "bob",
    "created": 1761839244.0320215,
    "expires": 1761842844.0320218
  }
}